{
  "language": "Solidity",
  "sources": {
    "contracts/LazyNFT.sol": {
      "content": "//SPDX-License-Identifier: Unlicense\r\npragma solidity ^0.8.0;\r\npragma experimental ABIEncoderV2;\r\n\r\nimport \"@openzeppelin/contracts/access/AccessControl.sol\";\r\nimport \"@openzeppelin/contracts/token/ERC721/ERC721.sol\";\r\nimport \"@openzeppelin/contracts/token/ERC721/extensions/ERC721URIStorage.sol\";\r\nimport \"@openzeppelin/contracts/utils/cryptography/ECDSA.sol\";\r\nimport \"@openzeppelin/contracts/utils/cryptography/draft-EIP712.sol\";\r\n\r\ncontract LazyNFT is ERC721URIStorage, EIP712, AccessControl {\r\n    using ECDSA for bytes32;\r\n\r\n    bytes32 public constant MINTER_ROLE = keccak256(\"MINTER_ROLE\");\r\n\r\n    mapping(address => uint256) pendingWithdrawals;\r\n\r\n    constructor(address payable minter) ERC721(\"LazyNFT\", \"LAZ\") EIP712(\"LazyNFT-Voucher\", \"1\") {\r\n        _setupRole(MINTER_ROLE, minter);\r\n    }\r\n\r\n    /// @notice Represents an un-minted NFT, which has not yet been recorded into the blockchain. A signed voucher can be redeemed for a real NFT using the redeem function.\r\n    struct NFTVoucher {\r\n        /// @notice The id of the token to be redeemed. Must be unique - if another token with this ID already exists, the redeem function will revert.\r\n        uint256 tokenId;\r\n        /// @notice The minimum price (in wei) that the NFT creator is willing to accept for the initial sale of this NFT.\r\n        uint256 minPrice;\r\n        /// @notice The metadata URI to associate with this token.\r\n        string uri;\r\n    }\r\n\r\n    /// @notice Redeems an NFTVoucher for an actual NFT, creating it in the process.\r\n    /// @param redeemer The address of the account which will receive the NFT upon success.\r\n    /// @param voucher An NFTVoucher that describes the NFT to be redeemed.\r\n    /// @param signature An EIP712 signature of the voucher, produced by the NFT creator.\r\n    function redeem(\r\n        address redeemer,\r\n        NFTVoucher calldata voucher,\r\n        bytes memory signature\r\n    ) public payable returns (uint256) {\r\n        // make sure signature is valid and get the address of the signer\r\n        address signer = _verify(voucher, signature);\r\n\r\n        // make sure that the signer is authorized to mint NFTs\r\n        require(hasRole(MINTER_ROLE, signer), \"Signature invalid or unauthorized\");\r\n\r\n        // make sure that the redeemer is paying enough to cover the buyer's cost\r\n        require(msg.value >= voucher.minPrice, \"Insufficient funds to redeem\");\r\n\r\n        // first assign the token to the signer, to establish provenance on-chain\r\n        _mint(signer, voucher.tokenId);\r\n        _setTokenURI(voucher.tokenId, voucher.uri);\r\n\r\n        // transfer the token to the redeemer\r\n        _transfer(signer, redeemer, voucher.tokenId);\r\n\r\n        // record payment to signer's withdrawal balance\r\n        pendingWithdrawals[signer] += msg.value;\r\n\r\n        return voucher.tokenId;\r\n    }\r\n\r\n    function withdraw() public {\r\n        require(hasRole(MINTER_ROLE, msg.sender), \"Only authorized minters can withdraw\");\r\n\r\n        // IMPORTANT: casting msg.sender to a payable address is only safe if ALL members of the minter role are payable addresses.\r\n        address payable receiver = payable(msg.sender);\r\n\r\n        uint amount = pendingWithdrawals[receiver];\r\n        // zero account before transfer to prevent re-entrancy attack\r\n        pendingWithdrawals[receiver] = 0;\r\n        receiver.transfer(amount);\r\n    }\r\n\r\n    function availableToWithdraw() public view returns (uint256) {\r\n        return pendingWithdrawals[msg.sender];\r\n    }\r\n\r\n    /// @notice Returns a hash of the given NFTVoucher, prepared using EIP712 typed data hashing rules.\r\n    /// @param voucher An NFTVoucher to hash.\r\n    function _hash(NFTVoucher calldata voucher) internal view returns (bytes32) {\r\n        return\r\n            _hashTypedDataV4(\r\n                keccak256(\r\n                    abi.encode(\r\n                        keccak256(\"NFTVoucher(uint256 tokenId,uint256 minPrice,string uri)\"),\r\n                        voucher.tokenId,\r\n                        voucher.minPrice,\r\n                        keccak256(bytes(voucher.uri))\r\n                    )\r\n                )\r\n            );\r\n    }\r\n\r\n    /// @notice Verifies the signature for a given NFTVoucher, returning the address of the signer.\r\n    /// @dev Will revert if the signature is invalid. Does not verify that the signer is authorized to mint NFTs.\r\n    /// @param voucher An NFTVoucher describing an unminted NFT.\r\n    /// @param signature An EIP712 signature of the given voucher.\r\n    function _verify(\r\n        NFTVoucher calldata voucher,\r\n        bytes memory signature\r\n    ) internal view returns (address) {\r\n        bytes32 digest = _hash(voucher);\r\n        return digest.toEthSignedMessageHash().recover(signature);\r\n    }\r\n\r\n    function supportsInterface(\r\n        bytes4 interfaceId\r\n    ) public view virtual override(AccessControl, ERC721) returns (bool) {\r\n        return\r\n            ERC721.supportsInterface(interfaceId) || AccessControl.supportsInterface(interfaceId);\r\n    }\r\n}\r\n"
    },
    "@openzeppelin/contracts/access/AccessControl.sol": {
      "content": "// SPDX-License-Identifier: MIT\n// OpenZeppelin Contracts (last updated v4.5.0) (access/AccessControl.sol)\n\npragma solidity ^0.8.0;\n\nimport \"./IAccessControl.sol\";\nimport \"../utils/Context.sol\";\nimport \"../utils/Strings.sol\";\nimport \"../utils/introspection/ERC165.sol\";\n\n/**\n * @dev Contract module that allows children to implement role-based access\n * control mechanisms. This is a lightweight version that doesn't allow enumerating role\n * members except through off-chain means by accessing the contract event logs. Some\n * applications may benefit from on-chain enumerability, for those cases see\n * {AccessControlEnumerable}.\n *\n * Roles are referred to by their `bytes32` identifier. These should be exposed\n * in the external API and be unique. The best way to achieve this is by\n * using `public constant` hash digests:\n *\n * ```\n * bytes32 public constant MY_ROLE = keccak256(\"MY_ROLE\");\n * ```\n *\n * Roles can be used to represent a set of permissions. To restrict access to a\n * function call, use {hasRole}:\n *\n * ```\n * function foo() public {\n *     require(hasRole(MY_ROLE, msg.sender));\n *     ...\n * }\n * ```\n *\n * Roles can be granted and revoked dynamically via the {grantRole} and\n * {revokeRole} functions. Each role has an associated admin role, and only\n * accounts that have a role's admin role can call {grantRole} and {revokeRole}.\n *\n * By default, the admin role for all roles is `DEFAULT_ADMIN_ROLE`, which means\n * that only accounts with this role will be able to grant or revoke other\n * roles. More complex role relationships can be created by using\n * {_setRoleAdmin}.\n *\n * WARNING: The `DEFAULT_ADMIN_ROLE` is also its own admin: it has permission to\n * grant and revoke this role. Extra precautions should be taken to secure\n * accounts that have been granted it.\n */\nabstract contract AccessControl is Context, IAccessControl, ERC165 {\n    struct RoleData {\n        mapping(address => bool) members;\n        bytes32 adminRole;\n    }\n\n    mapping(bytes32 => RoleData) private _roles;\n\n    bytes32 public constant DEFAULT_ADMIN_ROLE = 0x00;\n\n    /**\n     * @dev Modifier that checks that an account has a specific role. Reverts\n     * with a standardized message including the required role.\n     *\n     * The format of the revert reason is given by the following regular expression:\n     *\n     *  /^AccessControl: account (0x[0-9a-f]{40}) is missing role (0x[0-9a-f]{64})$/\n     *\n     * _Available since v4.1._\n     */\n    modifier onlyRole(bytes32 role) {\n        _checkRole(role, _msgSender());\n        _;\n    }\n\n    /**\n     * @dev See {IERC165-supportsInterface}.\n     */\n    function supportsInterface(bytes4 interfaceId) public view virtual override returns (bool) {\n        return interfaceId == type(IAccessControl).interfaceId || super.supportsInterface(interfaceId);\n    }\n\n    /**\n     * @dev Returns `true` if `account` has been granted `role`.\n     */\n    function hasRole(bytes32 role, address account) public view virtual override returns (bool) {\n        return _roles[role].members[account];\n    }\n\n    /**\n     * @dev Revert with a standard message if `account` is missing `role`.\n     *\n     * The format of the revert reason is given by the following regular expression:\n     *\n     *  /^AccessControl: account (0x[0-9a-f]{40}) is missing role (0x[0-9a-f]{64})$/\n     */\n    function _checkRole(bytes32 role, address account) internal view virtual {\n        if (!hasRole(role, account)) {\n            revert(\n                string(\n                    abi.encodePacked(\n                        \"AccessControl: account \",\n                        Strings.toHexString(uint160(account), 20),\n                        \" is missing role \",\n                        Strings.toHexString(uint256(role), 32)\n                    )\n                )\n            );\n        }\n    }\n\n    /**\n     * @dev Returns the admin role that controls `role`. See {grantRole} and\n     * {revokeRole}.\n     *\n     * To change a role's admin, use {_setRoleAdmin}.\n     */\n    function getRoleAdmin(bytes32 role) public view virtual override returns (bytes32) {\n        return _roles[role].adminRole;\n    }\n\n    /**\n     * @dev Grants `role` to `account`.\n     *\n     * If `account` had not been already granted `role`, emits a {RoleGranted}\n     * event.\n     *\n     * Requirements:\n     *\n     * - the caller must have ``role``'s admin role.\n     */\n    function grantRole(bytes32 role, address account) public virtual override onlyRole(getRoleAdmin(role)) {\n        _grantRole(role, account);\n    }\n\n    /**\n     * @dev Revokes `role` from `account`.\n     *\n     * If `account` had been granted `role`, emits a {RoleRevoked} event.\n     *\n     * Requirements:\n     *\n     * - the caller must have ``role``'s admin role.\n     */\n    function revokeRole(bytes32 role, address account) public virtual override onlyRole(getRoleAdmin(role)) {\n        _revokeRole(role, account);\n    }\n\n    /**\n     * @dev Revokes `role` from the calling account.\n     *\n     * Roles are often managed via {grantRole} and {revokeRole}: this function's\n     * purpose is to provide a mechanism for accounts to lose their privileges\n     * if they are compromised (such as when a trusted device is misplaced).\n     *\n     * If the calling account had been revoked `role`, emits a {RoleRevoked}\n     * event.\n     *\n     * Requirements:\n     *\n     * - the caller must be `account`.\n     */\n    function renounceRole(bytes32 role, address account) public virtual override {\n        require(account == _msgSender(), \"AccessControl: can only renounce roles for self\");\n\n        _revokeRole(role, account);\n    }\n\n    /**\n     * @dev Grants `role` to `account`.\n     *\n     * If `account` had not been already granted `role`, emits a {RoleGranted}\n     * event. Note that unlike {grantRole}, this function doesn't perform any\n     * checks on the calling account.\n     *\n     * [WARNING]\n     * ====\n     * This function should only be called from the constructor when setting\n     * up the initial roles for the system.\n     *\n     * Using this function in any other way is effectively circumventing the admin\n     * system imposed by {AccessControl}.\n     * ====\n     *\n     * NOTE: This function is deprecated in favor of {_grantRole}.\n     */\n    function _setupRole(bytes32 role, address account) internal virtual {\n        _grantRole(role, account);\n    }\n\n    /**\n     * @dev Sets `adminRole` as ``role``'s admin role.\n     *\n     * Emits a {RoleAdminChanged} event.\n     */\n    function _setRoleAdmin(bytes32 role, bytes32 adminRole) internal virtual {\n        bytes32 previousAdminRole = getRoleAdmin(role);\n        _roles[role].adminRole = adminRole;\n        emit RoleAdminChanged(role, previousAdminRole, adminRole);\n    }\n\n    /**\n     * @dev Grants `role` to `account`.\n     *\n     * Internal function without access restriction.\n     */\n    function _grantRole(bytes32 role, address account) internal virtual {\n        if (!hasRole(role, account)) {\n            _roles[role].members[account] = true;\n            emit RoleGranted(role, account, _msgSender());\n        }\n    }\n\n    /**\n     * @dev Revokes `role` from `account`.\n     *\n     * Internal function without access restriction.\n     */\n    function _revokeRole(bytes32 role, address account) internal virtual {\n        if (hasRole(role, account)) {\n            _roles[role].members[account] = false;\n            emit RoleRevoked(role, account, _msgSender());\n        }\n    }\n}\n"
    },
    "@openzeppelin/contracts/token/ERC721/ERC721.sol": {
      "content": "// SPDX-License-Identifier: MIT\n// OpenZeppelin Contracts (last updated v4.5.0) (token/ERC721/ERC721.sol)\n\npragma solidity ^0.8.0;\n\nimport \"./IERC721.sol\";\nimport \"./IERC721Receiver.sol\";\nimport \"./extensions/IERC721Metadata.sol\";\nimport \"../../utils/Address.sol\";\nimport \"../../utils/Context.sol\";\nimport \"../../utils/Strings.sol\";\nimport \"../../utils/introspection/ERC165.sol\";\n\n/**\n * @dev Implementation of https://eips.ethereum.org/EIPS/eip-721[ERC721] Non-Fungible Token Standard, including\n * the Metadata extension, but not including the Enumerable extension, which is available separately as\n * {ERC721Enumerable}.\n */\ncontract ERC721 is Context, ERC165, IERC721, IERC721Metadata {\n    using Address for address;\n    using Strings for uint256;\n\n    // Token name\n    string private _name;\n\n    // Token symbol\n    string private _symbol;\n\n    // Mapping from token ID to owner address\n    mapping(uint256 => address) private _owners;\n\n    // Mapping owner address to token count\n    mapping(address => uint256) private _balances;\n\n    // Mapping from token ID to approved address\n    mapping(uint256 => address) private _tokenApprovals;\n\n    // Mapping from owner to operator approvals\n    mapping(address => mapping(address => bool)) private _operatorApprovals;\n\n    /**\n     * @dev Initializes the contract by setting a `name` and a `symbol` to the token collection.\n     */\n    constructor(string memory name_, string memory symbol_) {\n        _name = name_;\n        _symbol = symbol_;\n    }\n\n    /**\n     * @dev See {IERC165-supportsInterface}.\n     */\n    function supportsInterface(bytes4 interfaceId) public view virtual override(ERC165, IERC165) returns (bool) {\n        return\n            interfaceId == type(IERC721).interfaceId ||\n            interfaceId == type(IERC721Metadata).interfaceId ||\n            super.supportsInterface(interfaceId);\n    }\n\n    /**\n     * @dev See {IERC721-balanceOf}.\n     */\n    function balanceOf(address owner) public view virtual override returns (uint256) {\n        require(owner != address(0), \"ERC721: balance query for the zero address\");\n        return _balances[owner];\n    }\n\n    /**\n     * @dev See {IERC721-ownerOf}.\n     */\n    function ownerOf(uint256 tokenId) public view virtual override returns (address) {\n        address owner = _owners[tokenId];\n        require(owner != address(0), \"ERC721: owner query for nonexistent token\");\n        return owner;\n    }\n\n    /**\n     * @dev See {IERC721Metadata-name}.\n     */\n    function name() public view virtual override returns (string memory) {\n        return _name;\n    }\n\n    /**\n     * @dev See {IERC721Metadata-symbol}.\n     */\n    function symbol() public view virtual override returns (string memory) {\n        return _symbol;\n    }\n\n    /**\n     * @dev See {IERC721Metadata-tokenURI}.\n     */\n    function tokenURI(uint256 tokenId) public view virtual override returns (string memory) {\n        require(_exists(tokenId), \"ERC721Metadata: URI query for nonexistent token\");\n\n        string memory baseURI = _baseURI();\n        return bytes(baseURI).length > 0 ? string(abi.encodePacked(baseURI, tokenId.toString())) : \"\";\n    }\n\n    /**\n     * @dev Base URI for computing {tokenURI}. If set, the resulting URI for each\n     * token will be the concatenation of the `baseURI` and the `tokenId`. Empty\n     * by default, can be overriden in child contracts.\n     */\n    function _baseURI() internal view virtual returns (string memory) {\n        return \"\";\n    }\n\n    /**\n     * @dev See {IERC721-approve}.\n     */\n    function approve(address to, uint256 tokenId) public virtual override {\n        address owner = ERC721.ownerOf(tokenId);\n        require(to != owner, \"ERC721: approval to current owner\");\n\n        require(\n            _msgSender() == owner || isApprovedForAll(owner, _msgSender()),\n            \"ERC721: approve caller is not owner nor approved for all\"\n        );\n\n        _approve(to, tokenId);\n    }\n\n    /**\n     * @dev See {IERC721-getApproved}.\n     */\n    function getApproved(uint256 tokenId) public view virtual override returns (address) {\n        require(_exists(tokenId), \"ERC721: approved query for nonexistent token\");\n\n        return _tokenApprovals[tokenId];\n    }\n\n    /**\n     * @dev See {IERC721-setApprovalForAll}.\n     */\n    function setApprovalForAll(address operator, bool approved) public virtual override {\n        _setApprovalForAll(_msgSender(), operator, approved);\n    }\n\n    /**\n     * @dev See {IERC721-isApprovedForAll}.\n     */\n    function isApprovedForAll(address owner, address operator) public view virtual override returns (bool) {\n        return _operatorApprovals[owner][operator];\n    }\n\n    /**\n     * @dev See {IERC721-transferFrom}.\n     */\n    function transferFrom(\n        address from,\n        address to,\n        uint256 tokenId\n    ) public virtual override {\n        //solhint-disable-next-line max-line-length\n        require(_isApprovedOrOwner(_msgSender(), tokenId), \"ERC721: transfer caller is not owner nor approved\");\n\n        _transfer(from, to, tokenId);\n    }\n\n    /**\n     * @dev See {IERC721-safeTransferFrom}.\n     */\n    function safeTransferFrom(\n        address from,\n        address to,\n        uint256 tokenId\n    ) public virtual override {\n        safeTransferFrom(from, to, tokenId, \"\");\n    }\n\n    /**\n     * @dev See {IERC721-safeTransferFrom}.\n     */\n    function safeTransferFrom(\n        address from,\n        address to,\n        uint256 tokenId,\n        bytes memory _data\n    ) public virtual override {\n        require(_isApprovedOrOwner(_msgSender(), tokenId), \"ERC721: transfer caller is not owner nor approved\");\n        _safeTransfer(from, to, tokenId, _data);\n    }\n\n    /**\n     * @dev Safely transfers `tokenId` token from `from` to `to`, checking first that contract recipients\n     * are aware of the ERC721 protocol to prevent tokens from being forever locked.\n     *\n     * `_data` is additional data, it has no specified format and it is sent in call to `to`.\n     *\n     * This internal function is equivalent to {safeTransferFrom}, and can be used to e.g.\n     * implement alternative mechanisms to perform token transfer, such as signature-based.\n     *\n     * Requirements:\n     *\n     * - `from` cannot be the zero address.\n     * - `to` cannot be the zero address.\n     * - `tokenId` token must exist and be owned by `from`.\n     * - If `to` refers to a smart contract, it must implement {IERC721Receiver-onERC721Received}, which is called upon a safe transfer.\n     *\n     * Emits a {Transfer} event.\n     */\n    function _safeTransfer(\n        address from,\n        address to,\n        uint256 tokenId,\n        bytes memory _data\n    ) internal virtual {\n        _transfer(from, to, tokenId);\n        require(_checkOnERC721Received(from, to, tokenId, _data), \"ERC721: transfer to non ERC721Receiver implementer\");\n    }\n\n    /**\n     * @dev Returns whether `tokenId` exists.\n     *\n     * Tokens can be managed by their owner or approved accounts via {approve} or {setApprovalForAll}.\n     *\n     * Tokens start existing when they are minted (`_mint`),\n     * and stop existing when they are burned (`_burn`).\n     */\n    function _exists(uint256 tokenId) internal view virtual returns (bool) {\n        return _owners[tokenId] != address(0);\n    }\n\n    /**\n     * @dev Returns whether `spender` is allowed to manage `tokenId`.\n     *\n     * Requirements:\n     *\n     * - `tokenId` must exist.\n     */\n    function _isApprovedOrOwner(address spender, uint256 tokenId) internal view virtual returns (bool) {\n        require(_exists(tokenId), \"ERC721: operator query for nonexistent token\");\n        address owner = ERC721.ownerOf(tokenId);\n        return (spender == owner || getApproved(tokenId) == spender || isApprovedForAll(owner, spender));\n    }\n\n    /**\n     * @dev Safely mints `tokenId` and transfers it to `to`.\n     *\n     * Requirements:\n     *\n     * - `tokenId` must not exist.\n     * - If `to` refers to a smart contract, it must implement {IERC721Receiver-onERC721Received}, which is called upon a safe transfer.\n     *\n     * Emits a {Transfer} event.\n     */\n    function _safeMint(address to, uint256 tokenId) internal virtual {\n        _safeMint(to, tokenId, \"\");\n    }\n\n    /**\n     * @dev Same as {xref-ERC721-_safeMint-address-uint256-}[`_safeMint`], with an additional `data` parameter which is\n     * forwarded in {IERC721Receiver-onERC721Received} to contract recipients.\n     */\n    function _safeMint(\n        address to,\n        uint256 tokenId,\n        bytes memory _data\n    ) internal virtual {\n        _mint(to, tokenId);\n        require(\n            _checkOnERC721Received(address(0), to, tokenId, _data),\n            \"ERC721: transfer to non ERC721Receiver implementer\"\n        );\n    }\n\n    /**\n     * @dev Mints `tokenId` and transfers it to `to`.\n     *\n     * WARNING: Usage of this method is discouraged, use {_safeMint} whenever possible\n     *\n     * Requirements:\n     *\n     * - `tokenId` must not exist.\n     * - `to` cannot be the zero address.\n     *\n     * Emits a {Transfer} event.\n     */\n    function _mint(address to, uint256 tokenId) internal virtual {\n        require(to != address(0), \"ERC721: mint to the zero address\");\n        require(!_exists(tokenId), \"ERC721: token already minted\");\n\n        _beforeTokenTransfer(address(0), to, tokenId);\n\n        _balances[to] += 1;\n        _owners[tokenId] = to;\n\n        emit Transfer(address(0), to, tokenId);\n\n        _afterTokenTransfer(address(0), to, tokenId);\n    }\n\n    /**\n     * @dev Destroys `tokenId`.\n     * The approval is cleared when the token is burned.\n     *\n     * Requirements:\n     *\n     * - `tokenId` must exist.\n     *\n     * Emits a {Transfer} event.\n     */\n    function _burn(uint256 tokenId) internal virtual {\n        address owner = ERC721.ownerOf(tokenId);\n\n        _beforeTokenTransfer(owner, address(0), tokenId);\n\n        // Clear approvals\n        _approve(address(0), tokenId);\n\n        _balances[owner] -= 1;\n        delete _owners[tokenId];\n\n        emit Transfer(owner, address(0), tokenId);\n\n        _afterTokenTransfer(owner, address(0), tokenId);\n    }\n\n    /**\n     * @dev Transfers `tokenId` from `from` to `to`.\n     *  As opposed to {transferFrom}, this imposes no restrictions on msg.sender.\n     *\n     * Requirements:\n     *\n     * - `to` cannot be the zero address.\n     * - `tokenId` token must be owned by `from`.\n     *\n     * Emits a {Transfer} event.\n     */\n    function _transfer(\n        address from,\n        address to,\n        uint256 tokenId\n    ) internal virtual {\n        require(ERC721.ownerOf(tokenId) == from, \"ERC721: transfer from incorrect owner\");\n        require(to != address(0), \"ERC721: transfer to the zero address\");\n\n        _beforeTokenTransfer(from, to, tokenId);\n\n        // Clear approvals from the previous owner\n        _approve(address(0), tokenId);\n\n        _balances[from] -= 1;\n        _balances[to] += 1;\n        _owners[tokenId] = to;\n\n        emit Transfer(from, to, tokenId);\n\n        _afterTokenTransfer(from, to, tokenId);\n    }\n\n    /**\n     * @dev Approve `to` to operate on `tokenId`\n     *\n     * Emits a {Approval} event.\n     */\n    function _approve(address to, uint256 tokenId) internal virtual {\n        _tokenApprovals[tokenId] = to;\n        emit Approval(ERC721.ownerOf(tokenId), to, tokenId);\n    }\n\n    /**\n     * @dev Approve `operator` to operate on all of `owner` tokens\n     *\n     * Emits a {ApprovalForAll} event.\n     */\n    function _setApprovalForAll(\n        address owner,\n        address operator,\n        bool approved\n    ) internal virtual {\n        require(owner != operator, \"ERC721: approve to caller\");\n        _operatorApprovals[owner][operator] = approved;\n        emit ApprovalForAll(owner, operator, approved);\n    }\n\n    /**\n     * @dev Internal function to invoke {IERC721Receiver-onERC721Received} on a target address.\n     * The call is not executed if the target address is not a contract.\n     *\n     * @param from address representing the previous owner of the given token ID\n     * @param to target address that will receive the tokens\n     * @param tokenId uint256 ID of the token to be transferred\n     * @param _data bytes optional data to send along with the call\n     * @return bool whether the call correctly returned the expected magic value\n     */\n    function _checkOnERC721Received(\n        address from,\n        address to,\n        uint256 tokenId,\n        bytes memory _data\n    ) private returns (bool) {\n        if (to.isContract()) {\n            try IERC721Receiver(to).onERC721Received(_msgSender(), from, tokenId, _data) returns (bytes4 retval) {\n                return retval == IERC721Receiver.onERC721Received.selector;\n            } catch (bytes memory reason) {\n                if (reason.length == 0) {\n                    revert(\"ERC721: transfer to non ERC721Receiver implementer\");\n                } else {\n                    assembly {\n                        revert(add(32, reason), mload(reason))\n                    }\n                }\n            }\n        } else {\n            return true;\n        }\n    }\n\n    /**\n     * @dev Hook that is called before any token transfer. This includes minting\n     * and burning.\n     *\n     * Calling conditions:\n     *\n     * - When `from` and `to` are both non-zero, ``from``'s `tokenId` will be\n     * transferred to `to`.\n     * - When `from` is zero, `tokenId` will be minted for `to`.\n     * - When `to` is zero, ``from``'s `tokenId` will be burned.\n     * - `from` and `to` are never both zero.\n     *\n     * To learn more about hooks, head to xref:ROOT:extending-contracts.adoc#using-hooks[Using Hooks].\n     */\n    function _beforeTokenTransfer(\n        address from,\n        address to,\n        uint256 tokenId\n    ) internal virtual {}\n\n    /**\n     * @dev Hook that is called after any transfer of tokens. This includes\n     * minting and burning.\n     *\n     * Calling conditions:\n     *\n     * - when `from` and `to` are both non-zero.\n     * - `from` and `to` are never both zero.\n     *\n     * To learn more about hooks, head to xref:ROOT:extending-contracts.adoc#using-hooks[Using Hooks].\n     */\n    function _afterTokenTransfer(\n        address from,\n        address to,\n        uint256 tokenId\n    ) internal virtual {}\n}\n"
    },
    "@openzeppelin/contracts/token/ERC721/extensions/ERC721URIStorage.sol": {
      "content": "// SPDX-License-Identifier: MIT\n// OpenZeppelin Contracts v4.4.1 (token/ERC721/extensions/ERC721URIStorage.sol)\n\npragma solidity ^0.8.0;\n\nimport \"../ERC721.sol\";\n\n/**\n * @dev ERC721 token with storage based token URI management.\n */\nabstract contract ERC721URIStorage is ERC721 {\n    using Strings for uint256;\n\n    // Optional mapping for token URIs\n    mapping(uint256 => string) private _tokenURIs;\n\n    /**\n     * @dev See {IERC721Metadata-tokenURI}.\n     */\n    function tokenURI(uint256 tokenId) public view virtual override returns (string memory) {\n        require(_exists(tokenId), \"ERC721URIStorage: URI query for nonexistent token\");\n\n        string memory _tokenURI = _tokenURIs[tokenId];\n        string memory base = _baseURI();\n\n        // If there is no base URI, return the token URI.\n        if (bytes(base).length == 0) {\n            return _tokenURI;\n        }\n        // If both are set, concatenate the baseURI and tokenURI (via abi.encodePacked).\n        if (bytes(_tokenURI).length > 0) {\n            return string(abi.encodePacked(base, _tokenURI));\n        }\n\n        return super.tokenURI(tokenId);\n    }\n\n    /**\n     * @dev Sets `_tokenURI` as the tokenURI of `tokenId`.\n     *\n     * Requirements:\n     *\n     * - `tokenId` must exist.\n     */\n    function _setTokenURI(uint256 tokenId, string memory _tokenURI) internal virtual {\n        require(_exists(tokenId), \"ERC721URIStorage: URI set of nonexistent token\");\n        _tokenURIs[tokenId] = _tokenURI;\n    }\n\n    /**\n     * @dev Destroys `tokenId`.\n     * The approval is cleared when the token is burned.\n     *\n     * Requirements:\n     *\n     * - `tokenId` must exist.\n     *\n     * Emits a {Transfer} event.\n     */\n    function _burn(uint256 tokenId) internal virtual override {\n        super._burn(tokenId);\n\n        if (bytes(_tokenURIs[tokenId]).length != 0) {\n            delete _tokenURIs[tokenId];\n        }\n    }\n}\n"
    },
    "@openzeppelin/contracts/utils/cryptography/ECDSA.sol": {
      "content": "// SPDX-License-Identifier: MIT\n// OpenZeppelin Contracts (last updated v4.5.0) (utils/cryptography/ECDSA.sol)\n\npragma solidity ^0.8.0;\n\nimport \"../Strings.sol\";\n\n/**\n * @dev Elliptic Curve Digital Signature Algorithm (ECDSA) operations.\n *\n * These functions can be used to verify that a message was signed by the holder\n * of the private keys of a given address.\n */\nlibrary ECDSA {\n    enum RecoverError {\n        NoError,\n        InvalidSignature,\n        InvalidSignatureLength,\n        InvalidSignatureS,\n        InvalidSignatureV\n    }\n\n    function _throwError(RecoverError error) private pure {\n        if (error == RecoverError.NoError) {\n            return; // no error: do nothing\n        } else if (error == RecoverError.InvalidSignature) {\n            revert(\"ECDSA: invalid signature\");\n        } else if (error == RecoverError.InvalidSignatureLength) {\n            revert(\"ECDSA: invalid signature length\");\n        } else if (error == RecoverError.InvalidSignatureS) {\n            revert(\"ECDSA: invalid signature 's' value\");\n        } else if (error == RecoverError.InvalidSignatureV) {\n            revert(\"ECDSA: invalid signature 'v' value\");\n        }\n    }\n\n    /**\n     * @dev Returns the address that signed a hashed message (`hash`) with\n     * `signature` or error string. This address can then be used for verification purposes.\n     *\n     * The `ecrecover` EVM opcode allows for malleable (non-unique) signatures:\n     * this function rejects them by requiring the `s` value to be in the lower\n     * half order, and the `v` value to be either 27 or 28.\n     *\n     * IMPORTANT: `hash` _must_ be the result of a hash operation for the\n     * verification to be secure: it is possible to craft signatures that\n     * recover to arbitrary addresses for non-hashed data. A safe way to ensure\n     * this is by receiving a hash of the original message (which may otherwise\n     * be too long), and then calling {toEthSignedMessageHash} on it.\n     *\n     * Documentation for signature generation:\n     * - with https://web3js.readthedocs.io/en/v1.3.4/web3-eth-accounts.html#sign[Web3.js]\n     * - with https://docs.ethers.io/v5/api/signer/#Signer-signMessage[ethers]\n     *\n     * _Available since v4.3._\n     */\n    function tryRecover(bytes32 hash, bytes memory signature) internal pure returns (address, RecoverError) {\n        // Check the signature length\n        // - case 65: r,s,v signature (standard)\n        // - case 64: r,vs signature (cf https://eips.ethereum.org/EIPS/eip-2098) _Available since v4.1._\n        if (signature.length == 65) {\n            bytes32 r;\n            bytes32 s;\n            uint8 v;\n            // ecrecover takes the signature parameters, and the only way to get them\n            // currently is to use assembly.\n            assembly {\n                r := mload(add(signature, 0x20))\n                s := mload(add(signature, 0x40))\n                v := byte(0, mload(add(signature, 0x60)))\n            }\n            return tryRecover(hash, v, r, s);\n        } else if (signature.length == 64) {\n            bytes32 r;\n            bytes32 vs;\n            // ecrecover takes the signature parameters, and the only way to get them\n            // currently is to use assembly.\n            assembly {\n                r := mload(add(signature, 0x20))\n                vs := mload(add(signature, 0x40))\n            }\n            return tryRecover(hash, r, vs);\n        } else {\n            return (address(0), RecoverError.InvalidSignatureLength);\n        }\n    }\n\n    /**\n     * @dev Returns the address that signed a hashed message (`hash`) with\n     * `signature`. This address can then be used for verification purposes.\n     *\n     * The `ecrecover` EVM opcode allows for malleable (non-unique) signatures:\n     * this function rejects them by requiring the `s` value to be in the lower\n     * half order, and the `v` value to be either 27 or 28.\n     *\n     * IMPORTANT: `hash` _must_ be the result of a hash operation for the\n     * verification to be secure: it is possible to craft signatures that\n     * recover to arbitrary addresses for non-hashed data. A safe way to ensure\n     * this is by receiving a hash of the original message (which may otherwise\n     * be too long), and then calling {toEthSignedMessageHash} on it.\n     */\n    function recover(bytes32 hash, bytes memory signature) internal pure returns (address) {\n        (address recovered, RecoverError error) = tryRecover(hash, signature);\n        _throwError(error);\n        return recovered;\n    }\n\n    /**\n     * @dev Overload of {ECDSA-tryRecover} that receives the `r` and `vs` short-signature fields separately.\n     *\n     * See https://eips.ethereum.org/EIPS/eip-2098[EIP-2098 short signatures]\n     *\n     * _Available since v4.3._\n     */\n    function tryRecover(\n        bytes32 hash,\n        bytes32 r,\n        bytes32 vs\n    ) internal pure returns (address, RecoverError) {\n        bytes32 s = vs & bytes32(0x7fffffffffffffffffffffffffffffffffffffffffffffffffffffffffffffff);\n        uint8 v = uint8((uint256(vs) >> 255) + 27);\n        return tryRecover(hash, v, r, s);\n    }\n\n    /**\n     * @dev Overload of {ECDSA-recover} that receives the `r and `vs` short-signature fields separately.\n     *\n     * _Available since v4.2._\n     */\n    function recover(\n        bytes32 hash,\n        bytes32 r,\n        bytes32 vs\n    ) internal pure returns (address) {\n        (address recovered, RecoverError error) = tryRecover(hash, r, vs);\n        _throwError(error);\n        return recovered;\n    }\n\n    /**\n     * @dev Overload of {ECDSA-tryRecover} that receives the `v`,\n     * `r` and `s` signature fields separately.\n     *\n     * _Available since v4.3._\n     */\n    function tryRecover(\n        bytes32 hash,\n        uint8 v,\n        bytes32 r,\n        bytes32 s\n    ) internal pure returns (address, RecoverError) {\n        // EIP-2 still allows signature malleability for ecrecover(). Remove this possibility and make the signature\n        // unique. Appendix F in the Ethereum Yellow paper (https://ethereum.github.io/yellowpaper/paper.pdf), defines\n        // the valid range for s in (301): 0 < s < secp256k1n ÷ 2 + 1, and for v in (302): v ∈ {27, 28}. Most\n        // signatures from current libraries generate a unique signature with an s-value in the lower half order.\n        //\n        // If your library generates malleable signatures, such as s-values in the upper range, calculate a new s-value\n        // with 0xFFFFFFFFFFFFFFFFFFFFFFFFFFFFFFFEBAAEDCE6AF48A03BBFD25E8CD0364141 - s1 and flip v from 27 to 28 or\n        // vice versa. If your library also generates signatures with 0/1 for v instead 27/28, add 27 to v to accept\n        // these malleable signatures as well.\n        if (uint256(s) > 0x7FFFFFFFFFFFFFFFFFFFFFFFFFFFFFFF5D576E7357A4501DDFE92F46681B20A0) {\n            return (address(0), RecoverError.InvalidSignatureS);\n        }\n        if (v != 27 && v != 28) {\n            return (address(0), RecoverError.InvalidSignatureV);\n        }\n\n        // If the signature is valid (and not malleable), return the signer address\n        address signer = ecrecover(hash, v, r, s);\n        if (signer == address(0)) {\n            return (address(0), RecoverError.InvalidSignature);\n        }\n\n        return (signer, RecoverError.NoError);\n    }\n\n    /**\n     * @dev Overload of {ECDSA-recover} that receives the `v`,\n     * `r` and `s` signature fields separately.\n     */\n    function recover(\n        bytes32 hash,\n        uint8 v,\n        bytes32 r,\n        bytes32 s\n    ) internal pure returns (address) {\n        (address recovered, RecoverError error) = tryRecover(hash, v, r, s);\n        _throwError(error);\n        return recovered;\n    }\n\n    /**\n     * @dev Returns an Ethereum Signed Message, created from a `hash`. This\n     * produces hash corresponding to the one signed with the\n     * https://eth.wiki/json-rpc/API#eth_sign[`eth_sign`]\n     * JSON-RPC method as part of EIP-191.\n     *\n     * See {recover}.\n     */\n    function toEthSignedMessageHash(bytes32 hash) internal pure returns (bytes32) {\n        // 32 is the length in bytes of hash,\n        // enforced by the type signature above\n        return keccak256(abi.encodePacked(\"\\x19Ethereum Signed Message:\\n32\", hash));\n    }\n\n    /**\n     * @dev Returns an Ethereum Signed Message, created from `s`. This\n     * produces hash corresponding to the one signed with the\n     * https://eth.wiki/json-rpc/API#eth_sign[`eth_sign`]\n     * JSON-RPC method as part of EIP-191.\n     *\n     * See {recover}.\n     */\n    function toEthSignedMessageHash(bytes memory s) internal pure returns (bytes32) {\n        return keccak256(abi.encodePacked(\"\\x19Ethereum Signed Message:\\n\", Strings.toString(s.length), s));\n    }\n\n    /**\n     * @dev Returns an Ethereum Signed Typed Data, created from a\n     * `domainSeparator` and a `structHash`. This produces hash corresponding\n     * to the one signed with the\n     * https://eips.ethereum.org/EIPS/eip-712[`eth_signTypedData`]\n     * JSON-RPC method as part of EIP-712.\n     *\n     * See {recover}.\n     */\n    function toTypedDataHash(bytes32 domainSeparator, bytes32 structHash) internal pure returns (bytes32) {\n        return keccak256(abi.encodePacked(\"\\x19\\x01\", domainSeparator, structHash));\n    }\n}\n"
    },
    "@openzeppelin/contracts/utils/cryptography/draft-EIP712.sol": {
      "content": "// SPDX-License-Identifier: MIT\n// OpenZeppelin Contracts v4.4.1 (utils/cryptography/draft-EIP712.sol)\n\npragma solidity ^0.8.0;\n\nimport \"./ECDSA.sol\";\n\n/**\n * @dev https://eips.ethereum.org/EIPS/eip-712[EIP 712] is a standard for hashing and signing of typed structured data.\n *\n * The encoding specified in the EIP is very generic, and such a generic implementation in Solidity is not feasible,\n * thus this contract does not implement the encoding itself. Protocols need to implement the type-specific encoding\n * they need in their contracts using a combination of `abi.encode` and `keccak256`.\n *\n * This contract implements the EIP 712 domain separator ({_domainSeparatorV4}) that is used as part of the encoding\n * scheme, and the final step of the encoding to obtain the message digest that is then signed via ECDSA\n * ({_hashTypedDataV4}).\n *\n * The implementation of the domain separator was designed to be as efficient as possible while still properly updating\n * the chain id to protect against replay attacks on an eventual fork of the chain.\n *\n * NOTE: This contract implements the version of the encoding known as \"v4\", as implemented by the JSON RPC method\n * https://docs.metamask.io/guide/signing-data.html[`eth_signTypedDataV4` in MetaMask].\n *\n * _Available since v3.4._\n */\nabstract contract EIP712 {\n    /* solhint-disable var-name-mixedcase */\n    // Cache the domain separator as an immutable value, but also store the chain id that it corresponds to, in order to\n    // invalidate the cached domain separator if the chain id changes.\n    bytes32 private immutable _CACHED_DOMAIN_SEPARATOR;\n    uint256 private immutable _CACHED_CHAIN_ID;\n    address private immutable _CACHED_THIS;\n\n    bytes32 private immutable _HASHED_NAME;\n    bytes32 private immutable _HASHED_VERSION;\n    bytes32 private immutable _TYPE_HASH;\n\n    /* solhint-enable var-name-mixedcase */\n\n    /**\n     * @dev Initializes the domain separator and parameter caches.\n     *\n     * The meaning of `name` and `version` is specified in\n     * https://eips.ethereum.org/EIPS/eip-712#definition-of-domainseparator[EIP 712]:\n     *\n     * - `name`: the user readable name of the signing domain, i.e. the name of the DApp or the protocol.\n     * - `version`: the current major version of the signing domain.\n     *\n     * NOTE: These parameters cannot be changed except through a xref:learn::upgrading-smart-contracts.adoc[smart\n     * contract upgrade].\n     */\n    constructor(string memory name, string memory version) {\n        bytes32 hashedName = keccak256(bytes(name));\n        bytes32 hashedVersion = keccak256(bytes(version));\n        bytes32 typeHash = keccak256(\n            \"EIP712Domain(string name,string version,uint256 chainId,address verifyingContract)\"\n        );\n        _HASHED_NAME = hashedName;\n        _HASHED_VERSION = hashedVersion;\n        _CACHED_CHAIN_ID = block.chainid;\n        _CACHED_DOMAIN_SEPARATOR = _buildDomainSeparator(typeHash, hashedName, hashedVersion);\n        _CACHED_THIS = address(this);\n        _TYPE_HASH = typeHash;\n    }\n\n    /**\n     * @dev Returns the domain separator for the current chain.\n     */\n    function _domainSeparatorV4() internal view returns (bytes32) {\n        if (address(this) == _CACHED_THIS && block.chainid == _CACHED_CHAIN_ID) {\n            return _CACHED_DOMAIN_SEPARATOR;\n        } else {\n            return _buildDomainSeparator(_TYPE_HASH, _HASHED_NAME, _HASHED_VERSION);\n        }\n    }\n\n    function _buildDomainSeparator(\n        bytes32 typeHash,\n        bytes32 nameHash,\n        bytes32 versionHash\n    ) private view returns (bytes32) {\n        return keccak256(abi.encode(typeHash, nameHash, versionHash, block.chainid, address(this)));\n    }\n\n    /**\n     * @dev Given an already https://eips.ethereum.org/EIPS/eip-712#definition-of-hashstruct[hashed struct], this\n     * function returns the hash of the fully encoded EIP712 message for this domain.\n     *\n     * This hash can be used together with {ECDSA-recover} to obtain the signer of a message. For example:\n     *\n     * ```solidity\n     * bytes32 digest = _hashTypedDataV4(keccak256(abi.encode(\n     *     keccak256(\"Mail(address to,string contents)\"),\n     *     mailTo,\n     *     keccak256(bytes(mailContents))\n     * )));\n     * address signer = ECDSA.recover(digest, signature);\n     * ```\n     */\n    function _hashTypedDataV4(bytes32 structHash) internal view virtual returns (bytes32) {\n        return ECDSA.toTypedDataHash(_domainSeparatorV4(), structHash);\n    }\n}\n"
    },
    "@openzeppelin/contracts/access/IAccessControl.sol": {
      "content": "// SPDX-License-Identifier: MIT\n// OpenZeppelin Contracts v4.4.1 (access/IAccessControl.sol)\n\npragma solidity ^0.8.0;\n\n/**\n * @dev External interface of AccessControl declared to support ERC165 detection.\n */\ninterface IAccessControl {\n    /**\n     * @dev Emitted when `newAdminRole` is set as ``role``'s admin role, replacing `previousAdminRole`\n     *\n     * `DEFAULT_ADMIN_ROLE` is the starting admin for all roles, despite\n     * {RoleAdminChanged} not being emitted signaling this.\n     *\n     * _Available since v3.1._\n     */\n    event RoleAdminChanged(bytes32 indexed role, bytes32 indexed previousAdminRole, bytes32 indexed newAdminRole);\n\n    /**\n     * @dev Emitted when `account` is granted `role`.\n     *\n     * `sender` is the account that originated the contract call, an admin role\n     * bearer except when using {AccessControl-_setupRole}.\n     */\n    event RoleGranted(bytes32 indexed role, address indexed account, address indexed sender);\n\n    /**\n     * @dev Emitted when `account` is revoked `role`.\n     *\n     * `sender` is the account that originated the contract call:\n     *   - if using `revokeRole`, it is the admin role bearer\n     *   - if using `renounceRole`, it is the role bearer (i.e. `account`)\n     */\n    event RoleRevoked(bytes32 indexed role, address indexed account, address indexed sender);\n\n    /**\n     * @dev Returns `true` if `account` has been granted `role`.\n     */\n    function hasRole(bytes32 role, address account) external view returns (bool);\n\n    /**\n     * @dev Returns the admin role that controls `role`. See {grantRole} and\n     * {revokeRole}.\n     *\n     * To change a role's admin, use {AccessControl-_setRoleAdmin}.\n     */\n    function getRoleAdmin(bytes32 role) external view returns (bytes32);\n\n    /**\n     * @dev Grants `role` to `account`.\n     *\n     * If `account` had not been already granted `role`, emits a {RoleGranted}\n     * event.\n     *\n     * Requirements:\n     *\n     * - the caller must have ``role``'s admin role.\n     */\n    function grantRole(bytes32 role, address account) external;\n\n    /**\n     * @dev Revokes `role` from `account`.\n     *\n     * If `account` had been granted `role`, emits a {RoleRevoked} event.\n     *\n     * Requirements:\n     *\n     * - the caller must have ``role``'s admin role.\n     */\n    function revokeRole(bytes32 role, address account) external;\n\n    /**\n     * @dev Revokes `role` from the calling account.\n     *\n     * Roles are often managed via {grantRole} and {revokeRole}: this function's\n     * purpose is to provide a mechanism for accounts to lose their privileges\n     * if they are compromised (such as when a trusted device is misplaced).\n     *\n     * If the calling account had been granted `role`, emits a {RoleRevoked}\n     * event.\n     *\n     * Requirements:\n     *\n     * - the caller must be `account`.\n     */\n    function renounceRole(bytes32 role, address account) external;\n}\n"
    },
    "@openzeppelin/contracts/utils/Context.sol": {
      "content": "// SPDX-License-Identifier: MIT\n// OpenZeppelin Contracts v4.4.1 (utils/Context.sol)\n\npragma solidity ^0.8.0;\n\n/**\n * @dev Provides information about the current execution context, including the\n * sender of the transaction and its data. While these are generally available\n * via msg.sender and msg.data, they should not be accessed in such a direct\n * manner, since when dealing with meta-transactions the account sending and\n * paying for execution may not be the actual sender (as far as an application\n * is concerned).\n *\n * This contract is only required for intermediate, library-like contracts.\n */\nabstract contract Context {\n    function _msgSender() internal view virtual returns (address) {\n        return msg.sender;\n    }\n\n    function _msgData() internal view virtual returns (bytes calldata) {\n        return msg.data;\n    }\n}\n"
    },
    "@openzeppelin/contracts/utils/Strings.sol": {
      "content": "// SPDX-License-Identifier: MIT\n// OpenZeppelin Contracts v4.4.1 (utils/Strings.sol)\n\npragma solidity ^0.8.0;\n\n/**\n * @dev String operations.\n */\nlibrary Strings {\n    bytes16 private constant _HEX_SYMBOLS = \"0123456789abcdef\";\n\n    /**\n     * @dev Converts a `uint256` to its ASCII `string` decimal representation.\n     */\n    function toString(uint256 value) internal pure returns (string memory) {\n        // Inspired by OraclizeAPI's implementation - MIT licence\n        // https://github.com/oraclize/ethereum-api/blob/b42146b063c7d6ee1358846c198246239e9360e8/oraclizeAPI_0.4.25.sol\n\n        if (value == 0) {\n            return \"0\";\n        }\n        uint256 temp = value;\n        uint256 digits;\n        while (temp != 0) {\n            digits++;\n            temp /= 10;\n        }\n        bytes memory buffer = new bytes(digits);\n        while (value != 0) {\n            digits -= 1;\n            buffer[digits] = bytes1(uint8(48 + uint256(value % 10)));\n            value /= 10;\n        }\n        return string(buffer);\n    }\n\n    /**\n     * @dev Converts a `uint256` to its ASCII `string` hexadecimal representation.\n     */\n    function toHexString(uint256 value) internal pure returns (string memory) {\n        if (value == 0) {\n            return \"0x00\";\n        }\n        uint256 temp = value;\n        uint256 length = 0;\n        while (temp != 0) {\n            length++;\n            temp >>= 8;\n        }\n        return toHexString(value, length);\n    }\n\n    /**\n     * @dev Converts a `uint256` to its ASCII `string` hexadecimal representation with fixed length.\n     */\n    function toHexString(uint256 value, uint256 length) internal pure returns (string memory) {\n        bytes memory buffer = new bytes(2 * length + 2);\n        buffer[0] = \"0\";\n        buffer[1] = \"x\";\n        for (uint256 i = 2 * length + 1; i > 1; --i) {\n            buffer[i] = _HEX_SYMBOLS[value & 0xf];\n            value >>= 4;\n        }\n        require(value == 0, \"Strings: hex length insufficient\");\n        return string(buffer);\n    }\n}\n"
    },
    "@openzeppelin/contracts/utils/introspection/ERC165.sol": {
      "content": "// SPDX-License-Identifier: MIT\n// OpenZeppelin Contracts v4.4.1 (utils/introspection/ERC165.sol)\n\npragma solidity ^0.8.0;\n\nimport \"./IERC165.sol\";\n\n/**\n * @dev Implementation of the {IERC165} interface.\n *\n * Contracts that want to implement ERC165 should inherit from this contract and override {supportsInterface} to check\n * for the additional interface id that will be supported. For example:\n *\n * ```solidity\n * function supportsInterface(bytes4 interfaceId) public view virtual override returns (bool) {\n *     return interfaceId == type(MyInterface).interfaceId || super.supportsInterface(interfaceId);\n * }\n * ```\n *\n * Alternatively, {ERC165Storage} provides an easier to use but more expensive implementation.\n */\nabstract contract ERC165 is IERC165 {\n    /**\n     * @dev See {IERC165-supportsInterface}.\n     */\n    function supportsInterface(bytes4 interfaceId) public view virtual override returns (bool) {\n        return interfaceId == type(IERC165).interfaceId;\n    }\n}\n"
    },
    "@openzeppelin/contracts/utils/introspection/IERC165.sol": {
      "content": "// SPDX-License-Identifier: MIT\n// OpenZeppelin Contracts v4.4.1 (utils/introspection/IERC165.sol)\n\npragma solidity ^0.8.0;\n\n/**\n * @dev Interface of the ERC165 standard, as defined in the\n * https://eips.ethereum.org/EIPS/eip-165[EIP].\n *\n * Implementers can declare support of contract interfaces, which can then be\n * queried by others ({ERC165Checker}).\n *\n * For an implementation, see {ERC165}.\n */\ninterface IERC165 {\n    /**\n     * @dev Returns true if this contract implements the interface defined by\n     * `interfaceId`. See the corresponding\n     * https://eips.ethereum.org/EIPS/eip-165#how-interfaces-are-identified[EIP section]\n     * to learn more about how these ids are created.\n     *\n     * This function call must use less than 30 000 gas.\n     */\n    function supportsInterface(bytes4 interfaceId) external view returns (bool);\n}\n"
    },
    "@openzeppelin/contracts/token/ERC721/IERC721.sol": {
      "content": "// SPDX-License-Identifier: MIT\n// OpenZeppelin Contracts v4.4.1 (token/ERC721/IERC721.sol)\n\npragma solidity ^0.8.0;\n\nimport \"../../utils/introspection/IERC165.sol\";\n\n/**\n * @dev Required interface of an ERC721 compliant contract.\n */\ninterface IERC721 is IERC165 {\n    /**\n     * @dev Emitted when `tokenId` token is transferred from `from` to `to`.\n     */\n    event Transfer(address indexed from, address indexed to, uint256 indexed tokenId);\n\n    /**\n     * @dev Emitted when `owner` enables `approved` to manage the `tokenId` token.\n     */\n    event Approval(address indexed owner, address indexed approved, uint256 indexed tokenId);\n\n    /**\n     * @dev Emitted when `owner` enables or disables (`approved`) `operator` to manage all of its assets.\n     */\n    event ApprovalForAll(address indexed owner, address indexed operator, bool approved);\n\n    /**\n     * @dev Returns the number of tokens in ``owner``'s account.\n     */\n    function balanceOf(address owner) external view returns (uint256 balance);\n\n    /**\n     * @dev Returns the owner of the `tokenId` token.\n     *\n     * Requirements:\n     *\n     * - `tokenId` must exist.\n     */\n    function ownerOf(uint256 tokenId) external view returns (address owner);\n\n    /**\n     * @dev Safely transfers `tokenId` token from `from` to `to`, checking first that contract recipients\n     * are aware of the ERC721 protocol to prevent tokens from being forever locked.\n     *\n     * Requirements:\n     *\n     * - `from` cannot be the zero address.\n     * - `to` cannot be the zero address.\n     * - `tokenId` token must exist and be owned by `from`.\n     * - If the caller is not `from`, it must be have been allowed to move this token by either {approve} or {setApprovalForAll}.\n     * - If `to` refers to a smart contract, it must implement {IERC721Receiver-onERC721Received}, which is called upon a safe transfer.\n     *\n     * Emits a {Transfer} event.\n     */\n    function safeTransferFrom(\n        address from,\n        address to,\n        uint256 tokenId\n    ) external;\n\n    /**\n     * @dev Transfers `tokenId` token from `from` to `to`.\n     *\n     * WARNING: Usage of this method is discouraged, use {safeTransferFrom} whenever possible.\n     *\n     * Requirements:\n     *\n     * - `from` cannot be the zero address.\n     * - `to` cannot be the zero address.\n     * - `tokenId` token must be owned by `from`.\n     * - If the caller is not `from`, it must be approved to move this token by either {approve} or {setApprovalForAll}.\n     *\n     * Emits a {Transfer} event.\n     */\n    function transferFrom(\n        address from,\n        address to,\n        uint256 tokenId\n    ) external;\n\n    /**\n     * @dev Gives permission to `to` to transfer `tokenId` token to another account.\n     * The approval is cleared when the token is transferred.\n     *\n     * Only a single account can be approved at a time, so approving the zero address clears previous approvals.\n     *\n     * Requirements:\n     *\n     * - The caller must own the token or be an approved operator.\n     * - `tokenId` must exist.\n     *\n     * Emits an {Approval} event.\n     */\n    function approve(address to, uint256 tokenId) external;\n\n    /**\n     * @dev Returns the account approved for `tokenId` token.\n     *\n     * Requirements:\n     *\n     * - `tokenId` must exist.\n     */\n    function getApproved(uint256 tokenId) external view returns (address operator);\n\n    /**\n     * @dev Approve or remove `operator` as an operator for the caller.\n     * Operators can call {transferFrom} or {safeTransferFrom} for any token owned by the caller.\n     *\n     * Requirements:\n     *\n     * - The `operator` cannot be the caller.\n     *\n     * Emits an {ApprovalForAll} event.\n     */\n    function setApprovalForAll(address operator, bool _approved) external;\n\n    /**\n     * @dev Returns if the `operator` is allowed to manage all of the assets of `owner`.\n     *\n     * See {setApprovalForAll}\n     */\n    function isApprovedForAll(address owner, address operator) external view returns (bool);\n\n    /**\n     * @dev Safely transfers `tokenId` token from `from` to `to`.\n     *\n     * Requirements:\n     *\n     * - `from` cannot be the zero address.\n     * - `to` cannot be the zero address.\n     * - `tokenId` token must exist and be owned by `from`.\n     * - If the caller is not `from`, it must be approved to move this token by either {approve} or {setApprovalForAll}.\n     * - If `to` refers to a smart contract, it must implement {IERC721Receiver-onERC721Received}, which is called upon a safe transfer.\n     *\n     * Emits a {Transfer} event.\n     */\n    function safeTransferFrom(\n        address from,\n        address to,\n        uint256 tokenId,\n        bytes calldata data\n    ) external;\n}\n"
    },
    "@openzeppelin/contracts/token/ERC721/IERC721Receiver.sol": {
      "content": "// SPDX-License-Identifier: MIT\n// OpenZeppelin Contracts v4.4.1 (token/ERC721/IERC721Receiver.sol)\n\npragma solidity ^0.8.0;\n\n/**\n * @title ERC721 token receiver interface\n * @dev Interface for any contract that wants to support safeTransfers\n * from ERC721 asset contracts.\n */\ninterface IERC721Receiver {\n    /**\n     * @dev Whenever an {IERC721} `tokenId` token is transferred to this contract via {IERC721-safeTransferFrom}\n     * by `operator` from `from`, this function is called.\n     *\n     * It must return its Solidity selector to confirm the token transfer.\n     * If any other value is returned or the interface is not implemented by the recipient, the transfer will be reverted.\n     *\n     * The selector can be obtained in Solidity with `IERC721.onERC721Received.selector`.\n     */\n    function onERC721Received(\n        address operator,\n        address from,\n        uint256 tokenId,\n        bytes calldata data\n    ) external returns (bytes4);\n}\n"
    },
    "@openzeppelin/contracts/token/ERC721/extensions/IERC721Metadata.sol": {
      "content": "// SPDX-License-Identifier: MIT\n// OpenZeppelin Contracts v4.4.1 (token/ERC721/extensions/IERC721Metadata.sol)\n\npragma solidity ^0.8.0;\n\nimport \"../IERC721.sol\";\n\n/**\n * @title ERC-721 Non-Fungible Token Standard, optional metadata extension\n * @dev See https://eips.ethereum.org/EIPS/eip-721\n */\ninterface IERC721Metadata is IERC721 {\n    /**\n     * @dev Returns the token collection name.\n     */\n    function name() external view returns (string memory);\n\n    /**\n     * @dev Returns the token collection symbol.\n     */\n    function symbol() external view returns (string memory);\n\n    /**\n     * @dev Returns the Uniform Resource Identifier (URI) for `tokenId` token.\n     */\n    function tokenURI(uint256 tokenId) external view returns (string memory);\n}\n"
    },
    "@openzeppelin/contracts/utils/Address.sol": {
      "content": "// SPDX-License-Identifier: MIT\n// OpenZeppelin Contracts (last updated v4.5.0) (utils/Address.sol)\n\npragma solidity ^0.8.1;\n\n/**\n * @dev Collection of functions related to the address type\n */\nlibrary Address {\n    /**\n     * @dev Returns true if `account` is a contract.\n     *\n     * [IMPORTANT]\n     * ====\n     * It is unsafe to assume that an address for which this function returns\n     * false is an externally-owned account (EOA) and not a contract.\n     *\n     * Among others, `isContract` will return false for the following\n     * types of addresses:\n     *\n     *  - an externally-owned account\n     *  - a contract in construction\n     *  - an address where a contract will be created\n     *  - an address where a contract lived, but was destroyed\n     * ====\n     *\n     * [IMPORTANT]\n     * ====\n     * You shouldn't rely on `isContract` to protect against flash loan attacks!\n     *\n     * Preventing calls from contracts is highly discouraged. It breaks composability, breaks support for smart wallets\n     * like Gnosis Safe, and does not provide security since it can be circumvented by calling from a contract\n     * constructor.\n     * ====\n     */\n    function isContract(address account) internal view returns (bool) {\n        // This method relies on extcodesize/address.code.length, which returns 0\n        // for contracts in construction, since the code is only stored at the end\n        // of the constructor execution.\n\n        return account.code.length > 0;\n    }\n\n    /**\n     * @dev Replacement for Solidity's `transfer`: sends `amount` wei to\n     * `recipient`, forwarding all available gas and reverting on errors.\n     *\n     * https://eips.ethereum.org/EIPS/eip-1884[EIP1884] increases the gas cost\n     * of certain opcodes, possibly making contracts go over the 2300 gas limit\n     * imposed by `transfer`, making them unable to receive funds via\n     * `transfer`. {sendValue} removes this limitation.\n     *\n     * https://diligence.consensys.net/posts/2019/09/stop-using-soliditys-transfer-now/[Learn more].\n     *\n     * IMPORTANT: because control is transferred to `recipient`, care must be\n     * taken to not create reentrancy vulnerabilities. Consider using\n     * {ReentrancyGuard} or the\n     * https://solidity.readthedocs.io/en/v0.5.11/security-considerations.html#use-the-checks-effects-interactions-pattern[checks-effects-interactions pattern].\n     */\n    function sendValue(address payable recipient, uint256 amount) internal {\n        require(address(this).balance >= amount, \"Address: insufficient balance\");\n\n        (bool success, ) = recipient.call{value: amount}(\"\");\n        require(success, \"Address: unable to send value, recipient may have reverted\");\n    }\n\n    /**\n     * @dev Performs a Solidity function call using a low level `call`. A\n     * plain `call` is an unsafe replacement for a function call: use this\n     * function instead.\n     *\n     * If `target` reverts with a revert reason, it is bubbled up by this\n     * function (like regular Solidity function calls).\n     *\n     * Returns the raw returned data. To convert to the expected return value,\n     * use https://solidity.readthedocs.io/en/latest/units-and-global-variables.html?highlight=abi.decode#abi-encoding-and-decoding-functions[`abi.decode`].\n     *\n     * Requirements:\n     *\n     * - `target` must be a contract.\n     * - calling `target` with `data` must not revert.\n     *\n     * _Available since v3.1._\n     */\n    function functionCall(address target, bytes memory data) internal returns (bytes memory) {\n        return functionCall(target, data, \"Address: low-level call failed\");\n    }\n\n    /**\n     * @dev Same as {xref-Address-functionCall-address-bytes-}[`functionCall`], but with\n     * `errorMessage` as a fallback revert reason when `target` reverts.\n     *\n     * _Available since v3.1._\n     */\n    function functionCall(\n        address target,\n        bytes memory data,\n        string memory errorMessage\n    ) internal returns (bytes memory) {\n        return functionCallWithValue(target, data, 0, errorMessage);\n    }\n\n    /**\n     * @dev Same as {xref-Address-functionCall-address-bytes-}[`functionCall`],\n     * but also transferring `value` wei to `target`.\n     *\n     * Requirements:\n     *\n     * - the calling contract must have an ETH balance of at least `value`.\n     * - the called Solidity function must be `payable`.\n     *\n     * _Available since v3.1._\n     */\n    function functionCallWithValue(\n        address target,\n        bytes memory data,\n        uint256 value\n    ) internal returns (bytes memory) {\n        return functionCallWithValue(target, data, value, \"Address: low-level call with value failed\");\n    }\n\n    /**\n     * @dev Same as {xref-Address-functionCallWithValue-address-bytes-uint256-}[`functionCallWithValue`], but\n     * with `errorMessage` as a fallback revert reason when `target` reverts.\n     *\n     * _Available since v3.1._\n     */\n    function functionCallWithValue(\n        address target,\n        bytes memory data,\n        uint256 value,\n        string memory errorMessage\n    ) internal returns (bytes memory) {\n        require(address(this).balance >= value, \"Address: insufficient balance for call\");\n        require(isContract(target), \"Address: call to non-contract\");\n\n        (bool success, bytes memory returndata) = target.call{value: value}(data);\n        return verifyCallResult(success, returndata, errorMessage);\n    }\n\n    /**\n     * @dev Same as {xref-Address-functionCall-address-bytes-}[`functionCall`],\n     * but performing a static call.\n     *\n     * _Available since v3.3._\n     */\n    function functionStaticCall(address target, bytes memory data) internal view returns (bytes memory) {\n        return functionStaticCall(target, data, \"Address: low-level static call failed\");\n    }\n\n    /**\n     * @dev Same as {xref-Address-functionCall-address-bytes-string-}[`functionCall`],\n     * but performing a static call.\n     *\n     * _Available since v3.3._\n     */\n    function functionStaticCall(\n        address target,\n        bytes memory data,\n        string memory errorMessage\n    ) internal view returns (bytes memory) {\n        require(isContract(target), \"Address: static call to non-contract\");\n\n        (bool success, bytes memory returndata) = target.staticcall(data);\n        return verifyCallResult(success, returndata, errorMessage);\n    }\n\n    /**\n     * @dev Same as {xref-Address-functionCall-address-bytes-}[`functionCall`],\n     * but performing a delegate call.\n     *\n     * _Available since v3.4._\n     */\n    function functionDelegateCall(address target, bytes memory data) internal returns (bytes memory) {\n        return functionDelegateCall(target, data, \"Address: low-level delegate call failed\");\n    }\n\n    /**\n     * @dev Same as {xref-Address-functionCall-address-bytes-string-}[`functionCall`],\n     * but performing a delegate call.\n     *\n     * _Available since v3.4._\n     */\n    function functionDelegateCall(\n        address target,\n        bytes memory data,\n        string memory errorMessage\n    ) internal returns (bytes memory) {\n        require(isContract(target), \"Address: delegate call to non-contract\");\n\n        (bool success, bytes memory returndata) = target.delegatecall(data);\n        return verifyCallResult(success, returndata, errorMessage);\n    }\n\n    /**\n     * @dev Tool to verifies that a low level call was successful, and revert if it wasn't, either by bubbling the\n     * revert reason using the provided one.\n     *\n     * _Available since v4.3._\n     */\n    function verifyCallResult(\n        bool success,\n        bytes memory returndata,\n        string memory errorMessage\n    ) internal pure returns (bytes memory) {\n        if (success) {\n            return returndata;\n        } else {\n            // Look for revert reason and bubble it up if present\n            if (returndata.length > 0) {\n                // The easiest way to bubble the revert reason is using memory via assembly\n\n                assembly {\n                    let returndata_size := mload(returndata)\n                    revert(add(32, returndata), returndata_size)\n                }\n            } else {\n                revert(errorMessage);\n            }\n        }\n    }\n}\n"
    },
    "contracts/NftMarketplace.sol": {
      "content": "// SPDX-License-Identifier: MIT\r\npragma solidity ^0.8.7;\r\n\r\nimport \"@openzeppelin/contracts/token/ERC721/IERC721.sol\";\r\nimport \"@openzeppelin/contracts/security/ReentrancyGuard.sol\";\r\n\r\n// Check out https://github.com/Fantom-foundation/Artion-Contracts/blob/5c90d2bc0401af6fb5abf35b860b762b31dfee02/contracts/FantomMarketplace.sol\r\n// For a full decentralized nft marketplace\r\n\r\nerror PriceNotMet(address nftAddress, uint256 tokenId, uint256 price);\r\nerror ItemNotForSale(address nftAddress, uint256 tokenId);\r\nerror NotListed(address nftAddress, uint256 tokenId);\r\nerror AlreadyListed(address nftAddress, uint256 tokenId);\r\nerror NoProceeds();\r\nerror NotOwner();\r\nerror NotApprovedForMarketplace();\r\nerror PriceMustBeAboveZero();\r\n\r\n// Error thrown for isNotOwner modifier\r\n// error IsNotOwner()\r\n\r\ncontract NftMarketplace is ReentrancyGuard {\r\n    struct Listing {\r\n        uint256 price;\r\n        address seller;\r\n    }\r\n\r\n    event ItemListed(\r\n        address indexed seller,\r\n        address indexed nftAddress,\r\n        uint256 indexed tokenId,\r\n        uint256 price\r\n    );\r\n\r\n    event ItemCanceled(\r\n        address indexed seller,\r\n        address indexed nftAddress,\r\n        uint256 indexed tokenId\r\n    );\r\n\r\n    event ItemBought(\r\n        address indexed buyer,\r\n        address indexed nftAddress,\r\n        uint256 indexed tokenId,\r\n        uint256 price\r\n    );\r\n\r\n    mapping(address => mapping(uint256 => Listing)) private s_listings;\r\n    mapping(address => uint256) private s_proceeds;\r\n\r\n    modifier notListed(address nftAddress, uint256 tokenId) {\r\n        Listing memory listing = s_listings[nftAddress][tokenId];\r\n        if (listing.price > 0) {\r\n            revert AlreadyListed(nftAddress, tokenId);\r\n        }\r\n        _;\r\n    }\r\n\r\n    modifier isListed(address nftAddress, uint256 tokenId) {\r\n        Listing memory listing = s_listings[nftAddress][tokenId];\r\n        if (listing.price <= 0) {\r\n            revert NotListed(nftAddress, tokenId);\r\n        }\r\n        _;\r\n    }\r\n\r\n    modifier isOwner(\r\n        address nftAddress,\r\n        uint256 tokenId,\r\n        address spender\r\n    ) {\r\n        IERC721 nft = IERC721(nftAddress);\r\n        address owner = nft.ownerOf(tokenId);\r\n        if (spender != owner) {\r\n            revert NotOwner();\r\n        }\r\n        _;\r\n    }\r\n\r\n    // IsNotOwner Modifier - Nft Owner can't buy his/her NFT\r\n    // Modifies buyItem function\r\n    // Owner should only list, cancel listing or update listing\r\n    /* modifier isNotOwner(\r\n        address nftAddress,\r\n        uint256 tokenId,\r\n        address spender\r\n    ) {\r\n        IERC721 nft = IERC721(nftAddress);\r\n        address owner = nft.ownerOf(tokenId);\r\n        if (spender == owner) {\r\n            revert IsNotOwner();\r\n        }\r\n        _;\r\n    } */\r\n\r\n    /////////////////////\r\n    // Main Functions //\r\n    /////////////////////\r\n    /*\r\n     * @notice Method for listing NFT\r\n     * @param nftAddress Address of NFT contract\r\n     * @param tokenId Token ID of NFT\r\n     * @param price sale price for each item\r\n     */\r\n    function listItem(\r\n        address nftAddress,\r\n        uint256 tokenId,\r\n        uint256 price\r\n    ) external notListed(nftAddress, tokenId) isOwner(nftAddress, tokenId, msg.sender) {\r\n        if (price <= 0) {\r\n            revert PriceMustBeAboveZero();\r\n        }\r\n        IERC721 nft = IERC721(nftAddress);\r\n        if (nft.getApproved(tokenId) != address(this)) {\r\n            revert NotApprovedForMarketplace();\r\n        }\r\n        s_listings[nftAddress][tokenId] = Listing(price, msg.sender);\r\n        emit ItemListed(msg.sender, nftAddress, tokenId, price);\r\n    }\r\n\r\n    /*\r\n     * @notice Method for cancelling listing\r\n     * @param nftAddress Address of NFT contract\r\n     * @param tokenId Token ID of NFT\r\n     */\r\n    function cancelListing(\r\n        address nftAddress,\r\n        uint256 tokenId\r\n    ) external isOwner(nftAddress, tokenId, msg.sender) isListed(nftAddress, tokenId) {\r\n        delete (s_listings[nftAddress][tokenId]);\r\n        emit ItemCanceled(msg.sender, nftAddress, tokenId);\r\n    }\r\n\r\n    /*\r\n     * @notice Method for buying listing\r\n     * @notice The owner of an NFT could unapprove the marketplace,\r\n     * which would cause this function to fail\r\n     * Ideally you'd also have a `createOffer` functionality.\r\n     * @param nftAddress Address of NFT contract\r\n     * @param tokenId Token ID of NFT\r\n     */\r\n    function buyItem(\r\n        address nftAddress,\r\n        uint256 tokenId\r\n    )\r\n        external\r\n        payable\r\n        isListed(nftAddress, tokenId)\r\n        // isNotOwner(nftAddress, tokenId, msg.sender)\r\n        nonReentrant\r\n    {\r\n        // Challenge - How would you refactor this contract to take:\r\n        // 1. Abitrary tokens as payment? (HINT - Chainlink Price Feeds!)\r\n        // 2. Be able to set prices in other currencies?\r\n        // 3. Tweet me @PatrickAlphaC if you come up with a solution!\r\n        Listing memory listedItem = s_listings[nftAddress][tokenId];\r\n        if (msg.value < listedItem.price) {\r\n            revert PriceNotMet(nftAddress, tokenId, listedItem.price);\r\n        }\r\n        s_proceeds[listedItem.seller] += msg.value;\r\n        // Could just send the money...\r\n        // https://fravoll.github.io/solidity-patterns/pull_over_push.html\r\n        delete (s_listings[nftAddress][tokenId]);\r\n        IERC721(nftAddress).safeTransferFrom(listedItem.seller, msg.sender, tokenId);\r\n        emit ItemBought(msg.sender, nftAddress, tokenId, listedItem.price);\r\n    }\r\n\r\n    /*\r\n     * @notice Method for updating listing\r\n     * @param nftAddress Address of NFT contract\r\n     * @param tokenId Token ID of NFT\r\n     * @param newPrice Price in Wei of the item\r\n     */\r\n    function updateListing(\r\n        address nftAddress,\r\n        uint256 tokenId,\r\n        uint256 newPrice\r\n    )\r\n        external\r\n        isListed(nftAddress, tokenId)\r\n        nonReentrant\r\n        isOwner(nftAddress, tokenId, msg.sender)\r\n    {\r\n        //We should check the value of `newPrice` and revert if it's below zero (like we also check in `listItem()`)\r\n        if (newPrice <= 0) {\r\n            revert PriceMustBeAboveZero();\r\n        }\r\n        s_listings[nftAddress][tokenId].price = newPrice;\r\n        emit ItemListed(msg.sender, nftAddress, tokenId, newPrice);\r\n    }\r\n\r\n    /*\r\n     * @notice Method for withdrawing proceeds from sales\r\n     */\r\n    function withdrawProceeds() external {\r\n        uint256 proceeds = s_proceeds[msg.sender];\r\n        if (proceeds <= 0) {\r\n            revert NoProceeds();\r\n        }\r\n        s_proceeds[msg.sender] = 0;\r\n        (bool success, ) = payable(msg.sender).call{value: proceeds}(\"\");\r\n        require(success, \"Transfer failed\");\r\n    }\r\n\r\n    /////////////////////\r\n    // Getter Functions //\r\n    /////////////////////\r\n\r\n    function getListing(\r\n        address nftAddress,\r\n        uint256 tokenId\r\n    ) external view returns (Listing memory) {\r\n        return s_listings[nftAddress][tokenId];\r\n    }\r\n\r\n    // function getAllListing(\r\n    //     address nftAddress\r\n        \r\n    // ) external view returns (Listing memory) {\r\n    //     return s_listings[nftAddress];\r\n    // }\r\n\r\n    function getProceeds(address seller) external view returns (uint256) {\r\n        return s_proceeds[seller];\r\n    }\r\n}\r\n"
    },
    "@openzeppelin/contracts/security/ReentrancyGuard.sol": {
      "content": "// SPDX-License-Identifier: MIT\n// OpenZeppelin Contracts v4.4.1 (security/ReentrancyGuard.sol)\n\npragma solidity ^0.8.0;\n\n/**\n * @dev Contract module that helps prevent reentrant calls to a function.\n *\n * Inheriting from `ReentrancyGuard` will make the {nonReentrant} modifier\n * available, which can be applied to functions to make sure there are no nested\n * (reentrant) calls to them.\n *\n * Note that because there is a single `nonReentrant` guard, functions marked as\n * `nonReentrant` may not call one another. This can be worked around by making\n * those functions `private`, and then adding `external` `nonReentrant` entry\n * points to them.\n *\n * TIP: If you would like to learn more about reentrancy and alternative ways\n * to protect against it, check out our blog post\n * https://blog.openzeppelin.com/reentrancy-after-istanbul/[Reentrancy After Istanbul].\n */\nabstract contract ReentrancyGuard {\n    // Booleans are more expensive than uint256 or any type that takes up a full\n    // word because each write operation emits an extra SLOAD to first read the\n    // slot's contents, replace the bits taken up by the boolean, and then write\n    // back. This is the compiler's defense against contract upgrades and\n    // pointer aliasing, and it cannot be disabled.\n\n    // The values being non-zero value makes deployment a bit more expensive,\n    // but in exchange the refund on every call to nonReentrant will be lower in\n    // amount. Since refunds are capped to a percentage of the total\n    // transaction's gas, it is best to keep them low in cases like this one, to\n    // increase the likelihood of the full refund coming into effect.\n    uint256 private constant _NOT_ENTERED = 1;\n    uint256 private constant _ENTERED = 2;\n\n    uint256 private _status;\n\n    constructor() {\n        _status = _NOT_ENTERED;\n    }\n\n    /**\n     * @dev Prevents a contract from calling itself, directly or indirectly.\n     * Calling a `nonReentrant` function from another `nonReentrant`\n     * function is not supported. It is possible to prevent this from happening\n     * by making the `nonReentrant` function external, and making it call a\n     * `private` function that does the actual work.\n     */\n    modifier nonReentrant() {\n        // On the first call to nonReentrant, _notEntered will be true\n        require(_status != _ENTERED, \"ReentrancyGuard: reentrant call\");\n\n        // Any calls to nonReentrant after this point will fail\n        _status = _ENTERED;\n\n        _;\n\n        // By storing the original value once again, a refund is triggered (see\n        // https://eips.ethereum.org/EIPS/eip-2200)\n        _status = _NOT_ENTERED;\n    }\n}\n"
    }
  },
  "settings": {
    "optimizer": {
      "enabled": false,
      "runs": 200
    },
    "outputSelection": {
      "*": {
        "*": [
          "abi",
          "evm.bytecode",
          "evm.deployedBytecode",
          "evm.methodIdentifiers",
          "metadata",
          "devdoc",
          "userdoc",
          "storageLayout",
          "evm.gasEstimates"
        ],
        "": [
          "ast"
        ]
      }
    },
    "metadata": {
      "useLiteralContent": true
    }
  }
}