{
  "language": "Solidity",
  "sources": {
    "@openzeppelin/contracts/security/ReentrancyGuard.sol": {
      "content": "// SPDX-License-Identifier: MIT\n// OpenZeppelin Contracts (last updated v4.9.0) (security/ReentrancyGuard.sol)\n\npragma solidity ^0.8.0;\n\n/**\n * @dev Contract module that helps prevent reentrant calls to a function.\n *\n * Inheriting from `ReentrancyGuard` will make the {nonReentrant} modifier\n * available, which can be applied to functions to make sure there are no nested\n * (reentrant) calls to them.\n *\n * Note that because there is a single `nonReentrant` guard, functions marked as\n * `nonReentrant` may not call one another. This can be worked around by making\n * those functions `private`, and then adding `external` `nonReentrant` entry\n * points to them.\n *\n * TIP: If you would like to learn more about reentrancy and alternative ways\n * to protect against it, check out our blog post\n * https://blog.openzeppelin.com/reentrancy-after-istanbul/[Reentrancy After Istanbul].\n */\nabstract contract ReentrancyGuard {\n    // Booleans are more expensive than uint256 or any type that takes up a full\n    // word because each write operation emits an extra SLOAD to first read the\n    // slot's contents, replace the bits taken up by the boolean, and then write\n    // back. This is the compiler's defense against contract upgrades and\n    // pointer aliasing, and it cannot be disabled.\n\n    // The values being non-zero value makes deployment a bit more expensive,\n    // but in exchange the refund on every call to nonReentrant will be lower in\n    // amount. Since refunds are capped to a percentage of the total\n    // transaction's gas, it is best to keep them low in cases like this one, to\n    // increase the likelihood of the full refund coming into effect.\n    uint256 private constant _NOT_ENTERED = 1;\n    uint256 private constant _ENTERED = 2;\n\n    uint256 private _status;\n\n    constructor() {\n        _status = _NOT_ENTERED;\n    }\n\n    /**\n     * @dev Prevents a contract from calling itself, directly or indirectly.\n     * Calling a `nonReentrant` function from another `nonReentrant`\n     * function is not supported. It is possible to prevent this from happening\n     * by making the `nonReentrant` function external, and making it call a\n     * `private` function that does the actual work.\n     */\n    modifier nonReentrant() {\n        _nonReentrantBefore();\n        _;\n        _nonReentrantAfter();\n    }\n\n    function _nonReentrantBefore() private {\n        // On the first call to nonReentrant, _status will be _NOT_ENTERED\n        require(_status != _ENTERED, \"ReentrancyGuard: reentrant call\");\n\n        // Any calls to nonReentrant after this point will fail\n        _status = _ENTERED;\n    }\n\n    function _nonReentrantAfter() private {\n        // By storing the original value once again, a refund is triggered (see\n        // https://eips.ethereum.org/EIPS/eip-2200)\n        _status = _NOT_ENTERED;\n    }\n\n    /**\n     * @dev Returns true if the reentrancy guard is currently set to \"entered\", which indicates there is a\n     * `nonReentrant` function in the call stack.\n     */\n    function _reentrancyGuardEntered() internal view returns (bool) {\n        return _status == _ENTERED;\n    }\n}\n"
    },
    "@openzeppelin/contracts/token/ERC721/IERC721.sol": {
      "content": "// SPDX-License-Identifier: MIT\n// OpenZeppelin Contracts (last updated v4.9.0) (token/ERC721/IERC721.sol)\n\npragma solidity ^0.8.0;\n\nimport \"../../utils/introspection/IERC165.sol\";\n\n/**\n * @dev Required interface of an ERC721 compliant contract.\n */\ninterface IERC721 is IERC165 {\n    /**\n     * @dev Emitted when `tokenId` token is transferred from `from` to `to`.\n     */\n    event Transfer(address indexed from, address indexed to, uint256 indexed tokenId);\n\n    /**\n     * @dev Emitted when `owner` enables `approved` to manage the `tokenId` token.\n     */\n    event Approval(address indexed owner, address indexed approved, uint256 indexed tokenId);\n\n    /**\n     * @dev Emitted when `owner` enables or disables (`approved`) `operator` to manage all of its assets.\n     */\n    event ApprovalForAll(address indexed owner, address indexed operator, bool approved);\n\n    /**\n     * @dev Returns the number of tokens in ``owner``'s account.\n     */\n    function balanceOf(address owner) external view returns (uint256 balance);\n\n    /**\n     * @dev Returns the owner of the `tokenId` token.\n     *\n     * Requirements:\n     *\n     * - `tokenId` must exist.\n     */\n    function ownerOf(uint256 tokenId) external view returns (address owner);\n\n    /**\n     * @dev Safely transfers `tokenId` token from `from` to `to`.\n     *\n     * Requirements:\n     *\n     * - `from` cannot be the zero address.\n     * - `to` cannot be the zero address.\n     * - `tokenId` token must exist and be owned by `from`.\n     * - If the caller is not `from`, it must be approved to move this token by either {approve} or {setApprovalForAll}.\n     * - If `to` refers to a smart contract, it must implement {IERC721Receiver-onERC721Received}, which is called upon a safe transfer.\n     *\n     * Emits a {Transfer} event.\n     */\n    function safeTransferFrom(address from, address to, uint256 tokenId, bytes calldata data) external;\n\n    /**\n     * @dev Safely transfers `tokenId` token from `from` to `to`, checking first that contract recipients\n     * are aware of the ERC721 protocol to prevent tokens from being forever locked.\n     *\n     * Requirements:\n     *\n     * - `from` cannot be the zero address.\n     * - `to` cannot be the zero address.\n     * - `tokenId` token must exist and be owned by `from`.\n     * - If the caller is not `from`, it must have been allowed to move this token by either {approve} or {setApprovalForAll}.\n     * - If `to` refers to a smart contract, it must implement {IERC721Receiver-onERC721Received}, which is called upon a safe transfer.\n     *\n     * Emits a {Transfer} event.\n     */\n    function safeTransferFrom(address from, address to, uint256 tokenId) external;\n\n    /**\n     * @dev Transfers `tokenId` token from `from` to `to`.\n     *\n     * WARNING: Note that the caller is responsible to confirm that the recipient is capable of receiving ERC721\n     * or else they may be permanently lost. Usage of {safeTransferFrom} prevents loss, though the caller must\n     * understand this adds an external call which potentially creates a reentrancy vulnerability.\n     *\n     * Requirements:\n     *\n     * - `from` cannot be the zero address.\n     * - `to` cannot be the zero address.\n     * - `tokenId` token must be owned by `from`.\n     * - If the caller is not `from`, it must be approved to move this token by either {approve} or {setApprovalForAll}.\n     *\n     * Emits a {Transfer} event.\n     */\n    function transferFrom(address from, address to, uint256 tokenId) external;\n\n    /**\n     * @dev Gives permission to `to` to transfer `tokenId` token to another account.\n     * The approval is cleared when the token is transferred.\n     *\n     * Only a single account can be approved at a time, so approving the zero address clears previous approvals.\n     *\n     * Requirements:\n     *\n     * - The caller must own the token or be an approved operator.\n     * - `tokenId` must exist.\n     *\n     * Emits an {Approval} event.\n     */\n    function approve(address to, uint256 tokenId) external;\n\n    /**\n     * @dev Approve or remove `operator` as an operator for the caller.\n     * Operators can call {transferFrom} or {safeTransferFrom} for any token owned by the caller.\n     *\n     * Requirements:\n     *\n     * - The `operator` cannot be the caller.\n     *\n     * Emits an {ApprovalForAll} event.\n     */\n    function setApprovalForAll(address operator, bool approved) external;\n\n    /**\n     * @dev Returns the account approved for `tokenId` token.\n     *\n     * Requirements:\n     *\n     * - `tokenId` must exist.\n     */\n    function getApproved(uint256 tokenId) external view returns (address operator);\n\n    /**\n     * @dev Returns if the `operator` is allowed to manage all of the assets of `owner`.\n     *\n     * See {setApprovalForAll}\n     */\n    function isApprovedForAll(address owner, address operator) external view returns (bool);\n}\n"
    },
    "@openzeppelin/contracts/utils/introspection/IERC165.sol": {
      "content": "// SPDX-License-Identifier: MIT\n// OpenZeppelin Contracts v4.4.1 (utils/introspection/IERC165.sol)\n\npragma solidity ^0.8.0;\n\n/**\n * @dev Interface of the ERC165 standard, as defined in the\n * https://eips.ethereum.org/EIPS/eip-165[EIP].\n *\n * Implementers can declare support of contract interfaces, which can then be\n * queried by others ({ERC165Checker}).\n *\n * For an implementation, see {ERC165}.\n */\ninterface IERC165 {\n    /**\n     * @dev Returns true if this contract implements the interface defined by\n     * `interfaceId`. See the corresponding\n     * https://eips.ethereum.org/EIPS/eip-165#how-interfaces-are-identified[EIP section]\n     * to learn more about how these ids are created.\n     *\n     * This function call must use less than 30 000 gas.\n     */\n    function supportsInterface(bytes4 interfaceId) external view returns (bool);\n}\n"
    },
    "contracts/NftMarketplace.sol": {
      "content": "// SPDX-License-Identifier: MIT\r\npragma solidity ^0.8.7;\r\n\r\nimport \"@openzeppelin/contracts/token/ERC721/IERC721.sol\";\r\nimport \"@openzeppelin/contracts/security/ReentrancyGuard.sol\";\r\n\r\n// Check out https://github.com/Fantom-foundation/Artion-Contracts/blob/5c90d2bc0401af6fb5abf35b860b762b31dfee02/contracts/FantomMarketplace.sol\r\n// For a full decentralized nft marketplace\r\n\r\nerror PriceNotMet(address nftAddress, uint256 tokenId, uint256 price);\r\nerror ItemNotForSale(address nftAddress, uint256 tokenId);\r\nerror NotListed(address nftAddress, uint256 tokenId);\r\nerror AlreadyListed(address nftAddress, uint256 tokenId);\r\nerror NoProceeds();\r\nerror NotOwner();\r\nerror NotApprovedForMarketplace();\r\nerror PriceMustBeAboveZero();\r\n\r\n// Error thrown for isNotOwner modifier\r\n// error IsNotOwner()\r\n\r\ncontract NftMarketplace is ReentrancyGuard {\r\n    struct Listing {\r\n        uint256 price;\r\n        address seller;\r\n    }\r\n\r\n    event ItemListed(\r\n        address indexed seller,\r\n        address indexed nftAddress,\r\n        uint256 indexed tokenId,\r\n        uint256 price\r\n    );\r\n\r\n    event ItemCanceled(\r\n        address indexed seller,\r\n        address indexed nftAddress,\r\n        uint256 indexed tokenId\r\n    );\r\n\r\n    event ItemBought(\r\n        address indexed buyer,\r\n        address indexed nftAddress,\r\n        uint256 indexed tokenId,\r\n        uint256 price\r\n    );\r\n\r\n    mapping(address => mapping(uint256 => Listing)) private s_listings;\r\n    mapping(address => uint256) private s_proceeds;\r\n\r\n    modifier notListed(\r\n        address nftAddress,\r\n        uint256 tokenId\r\n    ) {\r\n        Listing memory listing = s_listings[nftAddress][tokenId];\r\n        if (listing.price > 0) {\r\n            revert AlreadyListed(nftAddress, tokenId);\r\n        }\r\n        _;\r\n    }\r\n\r\n    modifier isListed(address nftAddress, uint256 tokenId) {\r\n        Listing memory listing = s_listings[nftAddress][tokenId];\r\n        if (listing.price <= 0) {\r\n            revert NotListed(nftAddress, tokenId);\r\n        }\r\n        _;\r\n    }\r\n\r\n    modifier isOwner(\r\n        address nftAddress,\r\n        uint256 tokenId,\r\n        address spender\r\n    ) {\r\n        IERC721 nft = IERC721(nftAddress);\r\n        address owner = nft.ownerOf(tokenId);\r\n        if (spender != owner) {\r\n            revert NotOwner();\r\n        }\r\n        _;\r\n    }\r\n\r\n    // IsNotOwner Modifier - Nft Owner can't buy his/her NFT\r\n    // Modifies buyItem function\r\n    // Owner should only list, cancel listing or update listing\r\n    /* modifier isNotOwner(\r\n        address nftAddress,\r\n        uint256 tokenId,\r\n        address spender\r\n    ) {\r\n        IERC721 nft = IERC721(nftAddress);\r\n        address owner = nft.ownerOf(tokenId);\r\n        if (spender == owner) {\r\n            revert IsNotOwner();\r\n        }\r\n        _;\r\n    } */\r\n\r\n    /////////////////////\r\n    // Main Functions //\r\n    /////////////////////\r\n    /*\r\n     * @notice Method for listing NFT\r\n     * @param nftAddress Address of NFT contract\r\n     * @param tokenId Token ID of NFT\r\n     * @param price sale price for each item\r\n     */\r\n    function listItem(\r\n        address nftAddress,\r\n        uint256 tokenId,\r\n        uint256 price\r\n    )\r\n        external\r\n        notListed(nftAddress, tokenId)\r\n        isOwner(nftAddress, tokenId, msg.sender)\r\n    {\r\n        if (price <= 0) {\r\n            revert PriceMustBeAboveZero();\r\n        }\r\n        IERC721 nft = IERC721(nftAddress);\r\n        if (nft.getApproved(tokenId) != address(this)) {\r\n            revert NotApprovedForMarketplace();\r\n        }\r\n        s_listings[nftAddress][tokenId] = Listing(price, msg.sender);\r\n        emit ItemListed(msg.sender, nftAddress, tokenId, price);\r\n    }\r\n\r\n    /*\r\n     * @notice Method for cancelling listing\r\n     * @param nftAddress Address of NFT contract\r\n     * @param tokenId Token ID of NFT\r\n     */\r\n    function cancelListing(address nftAddress, uint256 tokenId)\r\n        external\r\n        isOwner(nftAddress, tokenId, msg.sender)\r\n        isListed(nftAddress, tokenId)\r\n    {\r\n        delete (s_listings[nftAddress][tokenId]);\r\n        emit ItemCanceled(msg.sender, nftAddress, tokenId);\r\n    }\r\n\r\n    /*\r\n     * @notice Method for buying listing\r\n     * @notice The owner of an NFT could unapprove the marketplace,\r\n     * which would cause this function to fail\r\n     * Ideally you'd also have a `createOffer` functionality.\r\n     * @param nftAddress Address of NFT contract\r\n     * @param tokenId Token ID of NFT\r\n     */\r\n    function buyItem(address nftAddress, uint256 tokenId)\r\n        external\r\n        payable\r\n        isListed(nftAddress, tokenId)\r\n        // isNotOwner(nftAddress, tokenId, msg.sender)\r\n        nonReentrant\r\n    {\r\n        // Challenge - How would you refactor this contract to take:\r\n        // 1. Abitrary tokens as payment? (HINT - Chainlink Price Feeds!)\r\n        // 2. Be able to set prices in other currencies?\r\n        // 3. Tweet me @PatrickAlphaC if you come up with a solution!\r\n        Listing memory listedItem = s_listings[nftAddress][tokenId];\r\n        if (msg.value < listedItem.price) {\r\n            revert PriceNotMet(nftAddress, tokenId, listedItem.price);\r\n        }\r\n        s_proceeds[listedItem.seller] += msg.value;\r\n        // Could just send the money...\r\n        // https://fravoll.github.io/solidity-patterns/pull_over_push.html\r\n        delete (s_listings[nftAddress][tokenId]);\r\n        IERC721(nftAddress).safeTransferFrom(listedItem.seller, msg.sender, tokenId);\r\n        emit ItemBought(msg.sender, nftAddress, tokenId, listedItem.price);\r\n    }\r\n\r\n    /*\r\n     * @notice Method for updating listing\r\n     * @param nftAddress Address of NFT contract\r\n     * @param tokenId Token ID of NFT\r\n     * @param newPrice Price in Wei of the item\r\n     */\r\n    function updateListing(\r\n        address nftAddress,\r\n        uint256 tokenId,\r\n        uint256 newPrice\r\n    )\r\n        external\r\n        isListed(nftAddress, tokenId)\r\n        nonReentrant\r\n        isOwner(nftAddress, tokenId, msg.sender)\r\n    {\r\n        //We should check the value of `newPrice` and revert if it's below zero (like we also check in `listItem()`)\r\n        if (newPrice <= 0) {\r\n            revert PriceMustBeAboveZero();\r\n        }\r\n        s_listings[nftAddress][tokenId].price = newPrice;\r\n        emit ItemListed(msg.sender, nftAddress, tokenId, newPrice);\r\n    }\r\n\r\n    /*\r\n     * @notice Method for withdrawing proceeds from sales\r\n     */\r\n    function withdrawProceeds() external {\r\n        uint256 proceeds = s_proceeds[msg.sender];\r\n        if (proceeds <= 0) {\r\n            revert NoProceeds();\r\n        }\r\n        s_proceeds[msg.sender] = 0;\r\n        (bool success, ) = payable(msg.sender).call{value: proceeds}(\"\");\r\n        require(success, \"Transfer failed\");\r\n    }\r\n\r\n    /////////////////////\r\n    // Getter Functions //\r\n    /////////////////////\r\n\r\n    function getListing(address nftAddress, uint256 tokenId)\r\n        external\r\n        view\r\n        returns (Listing memory)\r\n    {\r\n        return s_listings[nftAddress][tokenId];\r\n    }\r\n\r\n    function getProceeds(address seller) external view returns (uint256) {\r\n        return s_proceeds[seller];\r\n    }\r\n}\r\n"
    }
  },
  "settings": {
    "evmVersion": "paris",
    "optimizer": {
      "enabled": false,
      "runs": 200
    },
    "outputSelection": {
      "*": {
        "*": [
          "abi",
          "evm.bytecode",
          "evm.deployedBytecode",
          "evm.methodIdentifiers",
          "metadata",
          "devdoc",
          "userdoc",
          "storageLayout",
          "evm.gasEstimates"
        ],
        "": [
          "ast"
        ]
      }
    },
    "metadata": {
      "useLiteralContent": true
    }
  }
}